BaseBlock,-1
BaseBlock (1),-1
BaseBlock (2),-1
BaseBlock (3),-1
BaseBlock (4),-1
BaseBlock (5),-1
BaseBlock (6),-1
BaseBlock (7),-1
BaseBlock (8),-1
BaseBlock (9),-1
BaseBlock (10),-1
BaseBlock (11),-1
Base (1)Block,-1
Base (1)Block (1),-1
Base (1)Block (2),-1
Base (1)Block (3),-1
Base (1)Block (4),-1
Base (1)Block (5),-1
Base (1)Block (6),-1
Base (1)Block (7),-1
Base (1)Block (8),-1
Base (1)Block (9),-1
Base (1)Block (10),-1
Base (1)Block (11),-1
Base (2)Block,-1
Base (2)Block (1),-1
Base (2)Block (2),-1
Base (2)Block (3),-1
Base (2)Block (4),-1
Base (2)Block (5),-1
Base (2)Block (6),-1
Base (2)Block (7),-1
Base (2)Block (8),-1
Base (2)Block (9),-1
Base (2)Block (10),-1
Base (2)Block (11),-1
